Distance,Width
1,205.5785124
500,575.4132231
1000,1608.35629
1500,1880.280073
2000,2041.896235
2500,2131.657484
3000,2408.172635
3500,2771.923783
4000,3294.76584
4500,3924.931129
